{"Valor Captador":{"Projeto de Prepara\u00e7\u00e3o de Atletas para os Jogos Pan-americanos de 2011 e os Jogos Ol\u00edmpicos de 2012":7077348.0600000015,"Forma\u00e7\u00e3o de Atletas":6713032.3600000003,"Reforma da Pista de Atlestismo e Constru\u00e7\u00e3o de Alojamentos - Brasil Vale Ouro":5696437.5,"Tour do Rio":3159909.2999999998,"Rede de N\u00facleos Esportivos S\u00f3cio-Educativos IEE - Ano II":3118408.6099999999,"AQUI COME\u00c7A O FUTURO":2946000.0,"RIO PRAIA MARAVILHOSA":2500000.0,"Navega S\u00e3o Paulo":2428000.0,"Campeonato Nacional de Handebol Escolar":2236900.2000000002,"A BASE PARA A FORMA\u00c7\u00c3O ESPORTIVA":2115050.2000000002,"Projeto Caravana do Esporte - Ano II":1853000.0,"Eventos Internacionais de Jud\u00f4 2009":1808750.0,"Calend\u00e1rio de Vela Oce\u00e2nica e Match Race":1781500.0,"Equipe de Treinamento do Instituto T\u00eanis":1752000.0,"Campeonato Nacional de Handebol Escolar- etapa complementar":1736900.2,"Forma\u00e7\u00e3o de Alta Performance e Aprimoramento de Jovens Atletas, na faixa et\u00e1ria de 10 a 15 anos, pelo per\u00edodo de 1 ano, no CFA Presidente Laudo Natel .":1700500.0,"Ao ar livre":1684643.0,"Fortalecimento do Hipismo 2009":1675000.0,"PROJETO OL\u00cdMPICO DA MANGUEIRA 2009\/2010":1632349.9299999999,"N\u00facleos Jovem de Esporte - Ano II":1630386.6100000001,"TORNEIO DE T\u00caNIS ESCOLAR E UNIVERSIT\u00c1RIO":1553000.0,"N\u00daCLEO DE ESPORTE E CIDADANIA 2010":1534726.3899999999,"Circuito Infantil de Corridas contra o Cancer":1355000.0,"Gin\u00e1stica e Esporte para Todos":1265519.8200000001,"Amigos do v\u00f4lei":1216000.0,"ESPORTE NA CIDADE.":1214725.0,"N\u00facleos de Forma\u00e7\u00e3o Esportiva Educacional":1156146.3300000001,"Terceiro Campeonato Paulista de Futebol Amador":1113786.45,"JUMP FESTIVAL NACIONAL - BIKE\/SKATE":1110000.0,"Nations Cup Grand Final .":1058000.0,"LPGA Brasil 2010":973000.0,"Campeonato Internacional Juvenil de T\u00eanis de Porto Alegre":898035.4099999999,"Escola de Esportes de Associa\u00e7\u00e2o":875008.22,"Implementa\u00e7\u00e3o do Centro de Excel\u00eancia Regional de Handebol da UEM":838437.35,"Projeto de Amplia\u00e7\u00e3o e Qualifica\u00e7\u00e3o do Centro de Forma\u00e7\u00e3o e Treinamento":812000.0,"Projeto de Forma\u00e7\u00e3o e Treinamento de Atletas de Futebol N\u00e3o Profissional":743389.9299999999,"CIRCUITO BRASILEIRO DE T\u00caNIS FEMININO":732060.0,"Educando atrav\u00e9s do esporte, Basquetebol com Alegria":669000.0,"Reforma da Pista de Atletismo do Centro de Pr\u00e1ticas Esportivas da Universidade de S\u00e3o Paulo - CEPEUSP":668047.73,"PROJETO CRAQUES DO FUTURO II 2010\/2011":660000.0,"Concurso de Saltos Internacional Cidade de Porto Alegre 2009":639417.8199999999,"Esporte na Vila 2010 - Jogo Aberto":628244.13,"Projeto de  prepara\u00e7\u00e3o para o treinamento de equipe de basquete visando campeonatos nacionais e internacionais.":600000.0,"Jud\u00f4 em A\u00e7\u00e3o 2009":583000.0,"Projeto Lance Livre":576000.0,"PASSEIO CICLISTICO":574000.0,"Forma\u00e7\u00e3o de Atletas - Equipe de Base":557000.0,"T\u00caNIS SOBRE RODAS":553396.0,"Adventure Camp 2008":538576.8199999999,"Descida das Escadas de Santos 2010":505000.0,"Excel\u00eancia na Forma\u00e7\u00e3o de Atletas":501554.04,"Circuito Internacional de T\u00eanis 2009":500000.0,"I Virada Esportiva de Campinas":500000.0,"Esfera Verde\/Circuito das Esta\u00e7\u00f5es":498000.0,"PROJETO A GRANDE SACADA":496715.0,"Revelando Talentos, formando cidad\u00e3os atrav\u00e9s do Futsal no Cear\u00e1":495028.72,"Educando pelo Esporte":462000.0,"Clube Agir 2010 - Ano II":461672.0,"Projeto de forma\u00e7\u00e3o, treinamento e competi\u00e7\u00e3o para atletas de esportes ol\u00edmpicos":450120.0,"N\u00facleo de forma\u00e7\u00e3o de atletas de voleibol e basquetebol":450000.0,"Campeonato Brasileiro Basquetebol em Cadeira de Rodas":416738.7,"Golfe como Instrumento de Inclus\u00e3o Social":414091.39,"Correr e Caminhar para Viver Bem":410873.09,"Bandeirantes do RUGBY":397000.0,"Campeonatos Regionais de Basquetebol em Cadeira de Rodas - 2009":379983.62,"N\u00facleo de Integra\u00e7\u00e3o das Ci\u00eancias do Esporte":371000.0,"Rede Atletismo de Excel\u00eancia":369219.2,"Programa Campe\u00f5es da Vida":360978.84,"Projeto Santos Dumont":350000.0,"Jogo Aberto - Caju":340641.64,"CIPE- Centro Integrado de Performance Esportiva.":335000.0,"Educacao Atraves do Esporte N. Piracicaba  Ano II":330000.0,"JOGOS DA JUVENTUDE BRASIL \/ IT\u00c1LIA 2009":317787.36,"Mais Esporte":317400.0,"ADD - MAGIC HANDS":314683.73,"Centro Esportivo Uni\u00e3o - Etapa I":310000.0,"Projeto de Inclus\u00e3o Social e Cidadania atrav\u00e9s do Esporte IV Edi\u00e7\u00e3o da Liga Brasileira de Basquete de Rua (Libra).":308186.75,"Projeto M\u00e3o na Bola":302000.0,"PROJETO ARTE E VIDA":300000.0,"Voleibol UFJF : da inicia\u00e7\u00e3o ao treinamento":300000.0,"Formacao de Atletas Volei Masculino":300000.0,"Golfe Nota 10":300000.0,"Circuito Nordeste de Corridas contra o C\u00e2ncer":300000.0,"Grael - Estrela do Mar de Oportunidade":298288.94,"Concursos de Saltos Nacionais 2009":295459.5,"Campeonato Ga\u00facho de Saltos 2009":291044.0,"PLANETA ESPORTE":282297.06,"III Virada Esportiva":279828.89,"Projeto Esporte, Trabalho e Renda":270000.0,"Atletas veteranos em Jo\u00e3o Pessoa.":270000.0,"Participa\u00e7\u00e3o das Sele\u00e7\u00f5es Brasileras Ol\u00edmpicas e Para-Ol\u00edmpicas em Eventos.":270000.0,"Remando no Lago":266000.0,"Pojeto Social Forrobol":263687.97,"Plano Anual de Atividades do Desporto Aqu\u00e1tico de Santa Catarina":259459.0,"Gol Legal - Futsal Feminino":258989.4,"Pra  N\u00e3o  Deixar a Peteca Cair":256000.0,"Escola de Atletismo - ORCAMP":255893.44,"Esporte Para Todos":252000.0,"Judo  Educando para a Vida":250500.0,"Campeonato Nacional Feminino de Basquete":250000.0,"Copa Piauiense de Futebol Amador":240000.0,"Campeonato Mundial Paraol\u00edmpico de Nata\u00e7\u00e3o em Piscina Curta \u2013 IPC 2009":240000.0,"Projeto Ajud\u00f4u":228240.0,"T\u00eanis para Todos - Atividades 2008\/2009":227250.0,"III Jogos Abertos Sindusfarma -":225000.0,"Bento Volei  Categorias de Base":219805.0,"Reestrutura\u00e7\u00e3o do Golfe Brasileiro Fase 1":216000.0,"Semente Ol\u00edmpica do Atletismo":210000.0,"XUADETR\u00caS":210000.0,"Desenvolvimento do Futsal de Alto Rendimento na Zona da Mata de Minas Gerais":210000.0,"SESI Atleta do Futuro":209195.0,"CAMINHADA E CORRIDA CONTRA O C\u00c2NCER":206500.0,"N\u00daCLEOS ESPORTE SOLID\u00c1RIO":203300.0,"Super A\u00e7\u00e3o":202000.0,"Crian\u00e7as de Ferro":200000.0,"Karat\u00ea para jovens especiais - II ano":200000.0,"Projeto Esportivo Educacional Settaport":200000.0,"Bola Dentro":200000.0,"Brincando na Rua":197279.8,"Centro Esportivo Historiador Sergio Cabral":182000.0,"Campeonato Mundial de Vela da Juventude":180000.0,"Afadefi  Paradesporto":173553.38,"BR Cup 2009 - Mundialito Santa Catarina de Futebol Sub-15":166524.21,"Atletismo em a\u00e7\u00e3o":166011.11,"Franca  100 anos de Basquete":165000.0,"BANANA BOWL 18 ANOS 2010":160280.0,"Forma\u00e7\u00e3o de Equipes de Base de Nado Sincronizado":159926.29,"Trof\u00e9u Brasil de T\u00eanis":156533.7,"Corrida e Caminhada de Incentivo \u00e0 Pr\u00e1tica Esportiva e Promo\u00e7\u00e3o da Sa\u00fade da Mulher":153035.16,"Rio Academia 2010":152020.0,"Projeto Craque de Bola e de Escola":150000.0,"Remando Bahia":150000.0,"A BASE PARA A FORMA\u00c7\u00c3O NO FUTEBOL":150000.0,"GRAND CHAMPIONS BRASIL 2010":150000.0,"Futsal na Rede":149575.09,"Projeto Esporte para Todos - Alto Rendimento-Ano II":145000.0,"Projeto Esporte Clube Floresta - Amador 2009":145000.0,"PROJETO LANCE LIVRE BARUERI":138000.0,"Academia Popular Comunit\u00e1ria - APC":133847.2,"Atletismo em A\u00e7\u00e3o - Centro Ol\u00edmpico":133657.76,"Atletismo em a\u00e7\u00e3o -  3846":133657.76,"Viva V\u00f4lei Solid\u00e1rio":133010.6,"Esportes para todos.":131500.0,"Projeto Piloto.":131109.0,"Sa\u00fade no Esporte":131000.0,"CONCURSO DE SALTO NACIONAL 2008.":130257.04,